{"perbatch_Train_Epoch_Loss": 2.6800138953954837, "_timestamp": 1685009397.087678, "_runtime": 70.72997403144836, "_step": 660, "_wandb": {"runtime": 70}}