{"perbatch_Train_Epoch_Loss": 2.7215837405133154, "_timestamp": 1685009532.521601, "_runtime": 47.546926975250244, "_step": 252, "_wandb": {"runtime": 47}}