{"perbatch_Train_Epoch_Loss": 2.726245322104158, "_timestamp": 1685009697.2303538, "_runtime": 58.62824583053589, "_step": 231, "_wandb": {"runtime": 58}}