{"perbatch_Train_Epoch_Loss": 2.993155108915793, "_timestamp": 1685010630.027146, "_runtime": 144.96841502189636, "_step": 73, "_wandb": {"runtime": 145}}