{"perbatch_Train_Epoch_Loss": 2.7838960702414384, "_timestamp": 1685010356.92857, "_runtime": 173.92104411125183, "_step": 486, "_wandb": {"runtime": 173}}