{"perbatch_Train_Batch_Loss": 2.770824669562664, "_timestamp": 1685009301.760766, "_runtime": 699.1275799274445, "_step": 1163, "_wandb": {"runtime": 698}}