{"perbatch_Train_Epoch_Loss": 2.7713128444367805, "_timestamp": 1685010466.538971, "_runtime": 82.4269950389862, "_step": 225, "_wandb": {"runtime": 82}}